{
    "Exp2": {
        "Acc": 50.0,
        "Prec": 50.0,
        "Rec": 100.0,
        "F1": 66.66666666666666
    },
    "Exp4": {
        "Acc": 83.33333333333334,
        "Prec": 75.0,
        "Rec": 100.0,
        "F1": 85.71428571428571
    }
}