{
    "Accuracy": 66.66666666666666,
    "Precision": 60.0,
    "Recall": 100.0,
    "F1": 75.0,
    "Avg_Inference_Sec": 0.10743857423464458
}