{
    "Exp1": {
        "Acc": 100.0,
        "Prec": 100.0,
        "Rec": 100.0,
        "F1": 100.0
    },
    "Exp2": {
        "Acc": 83.33333333333334,
        "Prec": 75.0,
        "Rec": 100.0,
        "F1": 85.71428571428571
    },
    "Exp3": {
        "Acc": 100.0,
        "Prec": 100.0,
        "Rec": 100.0,
        "F1": 100.0
    },
    "Exp4": {
        "Acc": 100.0,
        "Prec": 100.0,
        "Rec": 100.0,
        "F1": 100.0
    }
}