{
    "text": {
        "Acc": 54.54545454545454,
        "Prec": 0.0,
        "Rec": 0.0
    },
    "vision": {
        "Acc": 54.54545454545454,
        "Prec": 50.0,
        "Rec": 100.0
    },
    "hybrid": {
        "Acc": 63.63636363636363,
        "Prec": 57.14285714285714,
        "Rec": 80.0
    },
    "hybrid_ocr": {
        "Acc": 63.63636363636363,
        "Prec": 57.14285714285714,
        "Rec": 80.0
    }
}